-- MySQL dump 10.13  Distrib 8.0.36, for Win64 (x86_64)
--
-- Host: localhost    Database: e_voting
-- ------------------------------------------------------
-- Server version	8.0.37

/*!40101 SET @OLD_CHARACTER_SET_CLIENT=@@CHARACTER_SET_CLIENT */;
/*!40101 SET @OLD_CHARACTER_SET_RESULTS=@@CHARACTER_SET_RESULTS */;
/*!40101 SET @OLD_COLLATION_CONNECTION=@@COLLATION_CONNECTION */;
/*!50503 SET NAMES utf8 */;
/*!40103 SET @OLD_TIME_ZONE=@@TIME_ZONE */;
/*!40103 SET TIME_ZONE='+00:00' */;
/*!40014 SET @OLD_UNIQUE_CHECKS=@@UNIQUE_CHECKS, UNIQUE_CHECKS=0 */;
/*!40014 SET @OLD_FOREIGN_KEY_CHECKS=@@FOREIGN_KEY_CHECKS, FOREIGN_KEY_CHECKS=0 */;
/*!40101 SET @OLD_SQL_MODE=@@SQL_MODE, SQL_MODE='NO_AUTO_VALUE_ON_ZERO' */;
/*!40111 SET @OLD_SQL_NOTES=@@SQL_NOTES, SQL_NOTES=0 */;

--
-- Table structure for table `candidate`
LOCK TABLES candidate WRITE;
DROP TABLE IF EXISTS `candidate`;
/*!40101 SET @saved_cs_client     = @@character_set_client */;
/*!50503 SET character_set_client = utf8mb4 */;
CREATE TABLE `candidate` (
  `candidate_NIC` bigint NOT NULL,
  `c_password` varchar(45) NOT NULL,
  `c_name` varchar(45) NOT NULL,
  `political_party` varchar(45) NOT NULL,
  `c_DOB` date NOT NULL,
  PRIMARY KEY (`candidate_NIC`),
  UNIQUE KEY `candidate_NIC_UNIQUE` (`candidate_NIC`)
) ENGINE=InnoDB DEFAULT CHARSET=utf8mb4 COLLATE=utf8mb4_0900_ai_ci;
/*!40101 SET character_set_client = @saved_cs_client */;

--
-- Dumping data for table `candidate`
--
LOCK TABLES `candidate` WRITE;
/*!40000 ALTER TABLE `candidate` DISABLE KEYS */;
INSERT INTO `candidate` VALUES (4220156787721,'ali321','Ali Khan','IND','1985-09-30'),(4220156787722,'billu654','Sheikh Rasheed','ANP','1992-05-25'),(4220156787726,'hihi123','Sara Khan','BAP','1990-03-12'),(4220156787728,'hell456','Bilawal Bhutto','BJP','1975-07-23'),(4220156787729,'heaven123','Shahbaz Shareef','TLP','1980-01-15'),(4220156787730,'pass1234','Muhammad Ahmed','JDP','1987-03-25'),(4220156787731,'pass456','Aisha Siddiqua','GDP','1983-11-12'),(4220156787732,'pass789','Abdullah Khan','IND','1995-09-18'),(4220156787733,'passabc','Fatima Ali','AJK','1998-07-07'),(4220156787734,'passdef','Yusuf Ahmed','IND','1980-04-30'),(4220156787736,'passjkl','Ahmed Khan','IND','1976-08-22'),(4220156787737,'passmno','Mariam Ali','PSP','1987-06-01'),(4220156787738,'passpqr','Hassan Ahmed','IND','1992-02-10'),(4220156787749,'mno456','Ayesha Siddiqui','JUI','1997-07-19'),(4220156787739,'passtu','Choudhary Ali','IND','1991-10-05'),(4220156787740,'passvwx','Sardar Ghulam Khan','IND','1985-09-30'),(4220156787741,'passyz','Syed Allah Baksh','IND','1982-07-20'),(4220156787742,'123pass','Ghulam Soomro','IND','1993-04-17'),(4220156787743,'456pass','Faraz Khan','IND','1988-01-05'),(4220156787744,'789pass','General Asim Muneer','IND','1996-08-28'),(4220156787745,'abc123','General Qamar Javed Bajwa','IND','1979-05-24'),(4220156787746,'def456','Amir Dawr','IND','1981-03-11'),(4220156787747,'ghi789','Sardar Jamal Khan','IND','1994-11-08'),(4220156787748,'jkl123','Muhannad Hamza Bangash','IND','1984-10-01'),(4220156787750,'pqr789','Hamza Ali','Jamat e Islami','1986-06-14'),(4220156787831,'123xyz','Junaid Ahmed','PAP','1987-12-28'),(4220156789901,'heaven123','Imran Khan','PTI','1980-01-15'),(4220186787729,'hola123','Nawaz Shareef','PMLN','1980-01-15'),(4240186787729,'bye123','Altaf Hussain','MQM','1999-01-16');
/*!40000 ALTER TABLE `candidate` ENABLE KEYS */;
UNLOCK TABLES;

--
-- Table structure for table `candidate_password`
--
DROP TABLE IF EXISTS `candidate_password`;
CREATE TABLE `candidate_password` (
  `ink_mark` varchar(45) NOT NULL,
  `candidate_NIC` bigint NOT NULL,
  `c_password` varchar(45) NOT NULL,
  PRIMARY KEY (`ink_mark`),
  UNIQUE KEY `ink_mark_UNIQUE` (`ink_mark`),
  KEY `candidate_NIC_idx` (`candidate_NIC`)
) ENGINE=InnoDB DEFAULT CHARSET=utf8mb4 COLLATE=utf8mb4_0900_ai_ci;

--
-- Dumping data for table `candidate_password`
--
LOCK TABLES `candidate_password` WRITE;
/*!40000 ALTER TABLE `candidate_password` DISABLE KEYS */;

INSERT INTO `candidate_password` (`ink_mark`, `candidate_NIC`, `c_password`) VALUES 
    ('Bottle', 4220156787721, 'ali321'),
    ('Tongs', 4220156787722, 'billu654'),
    ('Clock', 4220156787726, 'hihi123'),
    ('Arrow', 4220156787728, 'hell456'),
    ('Racket', 4220156787729, 'heaven123'),
    ('Sheep', 4220156787730, 'pass1234'),
    ('Wheel chair', 4220156787731, 'pass456'),
    ('Fridge', 4220156787732, 'pass789'),
    ('Queen', 4220156787733, 'passabc'),
    ('Wicket', 4220156787734, 'passdef'),
    ('Door', 4220156787736, 'passjkl'),
    ('Dolphin', 4220156787737, 'passmno'),
    ('Spoon', 4220156787738, 'passpqr'),
    ('Diesel', 4220156787749, 'mno456'),
    ('Tractor', 4220156787739, 'passtu'),
    ('Wheat', 4220156787740, 'passvwx'),
    ('Cat', 4220156787741, 'passyz'),
    ('Sparrow', 4220156787742, '123pass'),
    ('Fork', 4220156787743, '456pass'),
    ('Vigo', 4220156787744, '789pass'),
    ('Revo', 4220156787745, 'abc123'),
    ('Bowl', 4220156787746, 'def456'),
    ('Football', 4220156787747, 'ghi789'),
    ('Brush', 4220156787748, 'jkl123'),
    ('Weighing Balance', 4220156787750, 'pqr789'),
    ('Knife', 4220156787831, '123xyz'),
    ('Bat', 4220156789901, 'heaven123'),
    ('Tiger', 4220186787729, 'hola123'),
    ('Kite', 4240186787729, 'bye123');

/*!40000 ALTER TABLE `candidate_password` ENABLE KEYS */;
UNLOCK TABLES;

-- Table structure for table `candidate_phoneno`
--

DROP TABLE IF EXISTS `candidate_phoneno`;
/*!40101 SET @saved_cs_client     = @@character_set_client */;
/*!50503 SET character_set_client = utf8mb4 */;
CREATE TABLE `candidate_phoneno` (
  `c_phoneno` bigint NOT NULL,
  `candidate_NIC` bigint DEFAULT NULL,
  PRIMARY KEY (`c_phoneno`),
  UNIQUE KEY `c_phoneno_UNIQUE` (`c_phoneno`),
  KEY `candidate_NIC_idx` (`candidate_NIC`)
) ENGINE=InnoDB DEFAULT CHARSET=utf8mb4 COLLATE=utf8mb4_0900_ai_ci;
/*!40101 SET character_set_client = @saved_cs_client */;

--
-- Dumping data for table `candidate_phoneno`
--

LOCK TABLES `candidate_phoneno` WRITE;
/*!40000 ALTER TABLE `candidate_phoneno` DISABLE KEYS */;
INSERT INTO `candidate_phoneno` VALUES (3301234567,4220156787721),(3311234567,4220156787721),(3291234567,4220156787722),(3281234567,4220156787726),(3271234567,4220156787728),(3261234567,4220156787729),(3251234567,4220156787730),(3241234567,4220156787731),(3231234567,4220156787732),(3221234567,4220156787733),(3201234567,4220156787735),(3361234567,4220156787735),(3191234567,4220156787736),(3181234567,4220156787737),(3371234567,4220156787737),(3171234567,4220156787738),(3161234567,4220156787739),(3151234567,4220156787740),(3141234567,4220156787741),(3131234567,4220156787742),(3121234567,4220156787743),(3111234567,4220156787744),(3101234567,4220156787745),(3091234567,4220156787746),(3081234567,4220156787747),(3071234567,4220156787748),(3061234567,4220156787749),(3051234567,4220156787750),(3041234567,4220156787831),(3031234567,4220156789901),(3351234567,4220156789901),(3021234567,4220186787729),(3331234567,4220186787729),(3011234567,4240186787729),(3321234567,4240186787729);
/*!40000 ALTER TABLE `candidate_phoneno` ENABLE KEYS */;
UNLOCK TABLES;

-- Table structure for table `public`
--

DROP TABLE IF EXISTS `public`;
/*!40101 SET @saved_cs_client     = @@character_set_client */;
/*!50503 SET character_set_client = utf8mb4 */;
CREATE TABLE `public` (
  `public_NIC` bigint NOT NULL,
  `p_name` varchar(45) NOT NULL,
  `p_address` varchar(45) NOT NULL,
  `p_DOB` date NOT NULL,
  PRIMARY KEY (`public_NIC`),
  UNIQUE KEY `public_NIC_UNIQUE` (`public_NIC`)
) ENGINE=InnoDB DEFAULT CHARSET=utf8mb4 COLLATE=utf8mb4_0900_ai_ci;
/*!40101 SET character_set_client = @saved_cs_client */;

--
-- Dumping data for table `public`
--

LOCK TABLES `public` WRITE;
/*!40000 ALTER TABLE `public` DISABLE KEYS */;
INSERT INTO `public` VALUES (4220156787721,'Ali Khan','123 Gulshan-e-Iqbal','1985-09-30'),(4220156787722,'Sheikh Rasheed','123 Gulshan-e-Iqbal','1992-05-25'),(4220156787726,'Sara Khan','456 DHA Phase 2, Karachi','1990-03-12'),(4220156787728,'Bilawal Bhutto','456 DHA Phase 2','1975-07-23'),(4220156787729,'Shahbaz Shareef','789 Clifton Block 5','1980-01-15'),(4220156787730,'Muhammad Ahmed','101 Bahadurabad','1987-03-25'),(4220156787731,'Aisha Siddiqua','101 Bahadurabad','1983-11-12'),(4220156787732,'Abdullah Khan','123 Gulshan-e-Iqbal','1995-09-18'),(4220156787733,'Fatima Ali','202 Nazimabad Block 3','1998-07-07'),(4220156787734,'Yusuf Ahmed','202 Nazimabad Block 3','1980-04-30'),(4220156787735,'Khadija Khan','202 Nazimabad Block 3','1989-12-15'),(4220156787736,'Ahmed Khan','303 Korangi No 4','1976-08-22'),(4220156787737,'Mariam Ali','303 Korangi No 4','1987-06-01'),(4220156787738,'Hassan Ahmed','101 Street Bahadurabad','1992-02-10'),(4220156787739,'Sana Khan','404 PECHS Block 6','1991-10-05'),(4220156787740,'Zainab Siddiqui','404 PECHS Block 6','1985-09-30'),(4220156787741,'Imran Ali','303 Korangi No 4','1982-07-20'),(4220156787742,'Fiza Khan','505 Malir Cantt','1993-04-17'),(4220156787743,'Ali Raza','505 Malir Cantt','1988-01-05'),(4220156787744,'Zoya Ahmed','404 PECHS Block 6','1996-08-28'),(4220156787745,'Safiya Khan','606 North Karachi Sector 11','1979-05-24'),(4220156787746,'Mustafa Ali','606 North Karachi Sector 11','1981-03-11'),(4220156787747,'Sara Ahmed','505 Malir Cantt','1994-11-08'),(4220156787748,'Amir Khan','707 Gulistan-e-Johar Block 7','1984-10-01'),(4220156787749,'Ayesha Siddiqui','707 Gulistan-e-Johar Block 7','1997-07-19'),(4220156787750,'Hamza Ali','456 DHA Phase 2','1986-06-14'),(4220156787831,'Junaid Ahmed','789 Clifton Block 5','1987-12-28'),(4220156789901,'Imran Khan','789 Clifton Block 5','1980-01-15'),(4220186787729,'Nawaz Shareef','606 North Karachi Sector 11','1980-01-15'),(4230000000001,'Ahmed Khan','123 Gulshan-e-Iqbal','1980-01-01'),(4230000000002,'Aisha Ali','456 DHA Phase 2','1981-02-01'),(4230000000003,'Omar Farooq','789 Clifton Block 5','1982-03-01'),(4230000000004,'Fatima Malik','101 Bahadurabad','1983-04-01'),(4230000000005,'Hassan Raza','202 Nazimabad Block 3','1984-05-01'),(4230000000006,'Zainab Sheikh','303 Korangi No 4','1985-06-01'),(4230000000007,'Bilal Ahmed','404 PECHS Block 6','1986-07-01'),(4230000000008,'Sara Iqbal','505 Malir Cantt','1987-08-01'),(4230000000009,'Yusuf Khan','606 North Karachi Sector 11','1988-09-01'),(4230000000010,'Nadia Aslam','707 Gulistan-e-Johar Block 7','1989-10-01'),(4230000000011,'Ali Shah','123 Gulshan-e-Iqbal','1990-11-01'),(4230000000012,'Maryam Javed','456 DHA Phase 2','1991-12-01'),(4230000000013,'Ibrahim Siddiqui','789 Clifton Block 5','1992-01-01'),(4230000000014,'Amina Rahman','101 Bahadurabad','1993-02-01'),(4230000000015,'Khalid Saeed','202 Nazimabad Block 3','1994-03-01'),(4230000000016,'Razia Anwar','303 Korangi No 4','1995-04-01'),(4230000000017,'Tariq Mahmood','404 PECHS Block 6','1996-05-01'),(4230000000018,'Saima Qureshi','505 Malir Cantt','1997-06-01'),(4230000000019,'Javed Khan','606 North Karachi Sector 11','1998-07-01'),(4230000000020,'Farah Ahmed','707 Gulistan-e-Johar Block 7','1999-08-01'),(4230000000021,'Mustafa Ali','123 Gulshan-e-Iqbal','2000-09-01'),(4230000000022,'Sana Khan','456 DHA Phase 2','2001-10-01'),(4230000000023,'Yasir Qadir','789 Clifton Block 5','2002-11-01'),(4230000000024,'Zara Karim','101 Bahadurabad','2003-12-01'),(4230000000025,'Rehan Abbas','202 Nazimabad Block 3','2004-01-01'),(4230000000026,'Hiba Usman','303 Korangi No 4','2005-02-01'),(4230000000027,'Salman Tariq','404 PECHS Block 6','2006-03-01'),(4230000000028,'Rabia Shahid','505 Malir Cantt','2007-04-01'),(4230000000029,'Adnan Qasim','606 North Karachi Sector 11','2008-05-01'),(4230000000030,'Laila Hassan','707 Gulistan-e-Johar Block 7','2009-06-01'),(4230000000031,'Usman Arif','123 Gulshan-e-Iqbal','2010-07-01'),(4230000000032,'Hira Nadeem','456 DHA Phase 2','2011-08-01'),(4230000000033,'Adeel Kamal','789 Clifton Block 5','2012-09-01'),(4230000000034,'Mariam Ashraf','101 Bahadurabad','2013-10-01'),(4230000000035,'Daniyal Ahmed','202 Nazimabad Block 3','2014-11-01'),(4230000000036,'Fariha Siddiqui','303 Korangi No 4','2015-12-01'),(4230000000037,'Junaid Mirza','404 PECHS Block 6','2016-01-01'),(4230000000038,'Nazia Khalid','505 Malir Cantt','2017-02-01'),(4230000000039,'Sajid Butt','606 North Karachi Sector 11','2018-03-01'),(4230000000040,'Rabia Tariq','707 Gulistan-e-Johar Block 7','2019-04-01'),(4230000000041,'Fahad Malik','123 Gulshan-e-Iqbal','2020-05-01'),(4230000000042,'Saba Khan','456 DHA Phase 2','2021-06-01'),(4230000000043,'Nabeel Iqbal','789 Clifton Block 5','2022-07-01'),(4230000000044,'Hafsa Shah','101 Bahadurabad','2023-08-01'),(4230000000045,'Ahsan Khan','202 Nazimabad Block 3','2024-09-01'),(4230000000046,'Mahira Rehman','303 Korangi No 4','2025-10-01'),(4230000000047,'Waseem Khan','404 PECHS Block 6','2026-11-01'),(4230000000048,'Amna Abbas','505 Malir Cantt','2027-12-01'),(4230000000049,'Shahbaz Haider','606 North Karachi Sector 11','2028-01-01'),(4230000000050,'Nida Asghar','707 Gulistan-e-Johar Block 7','2029-02-01'),(4240186787729,'Maryam Nawaz','707 Gulistan-e-Johar Block 7','1999-01-16');
/*!40000 ALTER TABLE `public` ENABLE KEYS */;
UNLOCK TABLES;

--
-- Table structure for table `public_contactno`
--

DROP TABLE IF EXISTS `public_contactno`;
/*!40101 SET @saved_cs_client     = @@character_set_client */;
/*!50503 SET character_set_client = utf8mb4 */;
CREATE TABLE `public_contactno` (
  `p_contactid` int NOT NULL,
  `public_NIC` bigint DEFAULT NULL,
  `p_contactno` varchar(45) NOT NULL,
  PRIMARY KEY (`p_contactid`),
  UNIQUE KEY `p_contactid_UNIQUE` (`p_contactid`),
  KEY `public_NIC_idx` (`public_NIC`)
) ENGINE=InnoDB DEFAULT CHARSET=utf8mb4 COLLATE=utf8mb4_0900_ai_ci;
/*!40101 SET character_set_client = @saved_cs_client */;

--
-- Dumping data for table `public_contactno`
--

LOCK TABLES `public_contactno` WRITE;
/*!40000 ALTER TABLE `public_contactno` DISABLE KEYS */;
INSERT INTO `public_contactno` VALUES (2,4220156787721,'3311234567'),(3,4220156787722,'3291234567'),(4,4220156787726,'3281234567'),(5,4220156787728,'3271234567'),(6,4220156787729,'3261234567'),(7,4220156787730,'3251234567'),(8,4220156787731,'3241234567'),(9,4220156787732,'3231234567'),(10,4220156787733,'3221234567'),(11,4220156787734,'3211234567'),(12,4220156787735,'3201234567'),(13,4220156787735,'3361234567'),(14,4220156787736,'3191234567'),(15,4220156787737,'3181234567'),(16,4220156787737,'3371234567'),(17,4220156787738,'3171234567'),(18,4220156787739,'3161234567'),(19,4220156787740,'3151234567'),(20,4220156787741,'3141234567'),(21,4220156787742,'3131234567'),(22,4220156787743,'3121234567'),(23,4220156787744,'3111234567'),(24,4220156787745,'3101234567'),(25,4220156787746,'3091234567'),(26,4220156787747,'3081234567'),(27,4220156787748,'3071234567'),(28,4220156787749,'3061234567'),(29,4220156787750,'3051234567'),(30,4220156787831,'3041234567'),(31,4220156789901,'3031234567'),(32,4220156789901,'3351234567'),(33,4220186787729,'3021234567'),(34,4220186787729,'3331234567'),(35,4240186787729,'3011234567'),(36,4240186787729,'3321234567'),(37,3056678900,'4230000000001'),(38,3056678901,'4230000000002'),(39,3056678902,'4230000000003'),(40,3056678903,'4230000000004'),(41,3056678904,'4230000000005'),(42,3056678905,'4230000000006'),(43,3056678906,'4230000000007'),(44,3056678907,'4230000000008'),(45,3056678908,'4230000000009'),(46,3056678909,'4230000000010'),(47,3056678910,'4230000000011'),(48,3056678911,'4230000000012'),(49,3056678912,'4230000000013'),(50,3056678913,'4230000000014'),(51,3056678914,'4230000000015'),(52,3056678915,'4230000000016'),(53,3056678916,'4230000000017'),(54,3056678917,'4230000000018'),(55,3056678918,'4230000000019'),(56,3056678919,'4230000000020'),(57,3056678920,'4230000000021'),(58,3056678921,'4230000000022'),(59,3056678922,'4230000000023'),(60,3056678923,'4230000000024'),(61,3056678924,'4230000000025'),(62,3056678925,'4230000000026'),(63,3056678926,'4230000000027'),(64,3056678927,'4230000000028'),(65,3056678928,'4230000000029'),(66,3056678929,'4230000000030'),(67,3056678930,'4230000000031'),(68,3056678931,'4230000000032'),(69,3056678932,'4230000000033'),(70,3056678933,'4230000000034'),(71,3056678934,'4230000000035'),(72,3056678935,'4230000000036'),(73,3056678936,'4230000000037'),(74,3056678937,'4230000000038'),(75,3056678938,'4230000000039'),(76,3056678939,'4230000000040'),(77,3056678940,'4230000000041'),(78,3056678941,'4230000000042'),(79,3056678942,'4230000000043'),(80,3056678943,'4230000000044'),(81,3056678944,'4230000000045'),(82,3056678945,'4230000000046'),(83,3056678946,'4230000000047'),(84,3056678947,'4230000000048'),(85,3056678948,'4230000000049'),(86,3056678949,'4230000000050'),(87,3056678950,'4230000000001'),(88,3056678951,'4230000000002'),(89,3056678952,'4230000000003'),(90,3056678953,'4230000000004'),(91,3056678954,'4230000000005'),(92,3056678955,'4230000000006'),(93,3056678956,'4230000000007'),(94,3056678957,'4230000000008'),(95,3056678958,'4230000000009'),(96,3056678959,'4230000000010'),(97,3056678960,'4230000000011'),(98,3056678961,'4230000000012'),(99,3056678962,'4230000000013'),(100,3056678963,'4230000000014'),(101,3056678964,'4230000000015'),(102,3056678965,'4230000000016'),(103,3056678966,'4230000000017'),(104,3056678967,'4230000000018'),(105,3056678968,'4230000000019'),(106,3056678969,'4230000000020'),(107,3056678970,'4230000000021'),(108,3056678971,'4230000000022'),(109,3056678972,'4230000000023'),(110,3056678973,'4230000000024'),(111,3056678974,'4230000000025'),(112,3056678975,'4230000000026'),(113,3056678976,'4230000000027'),(114,3056678977,'4230000000028'),(115,3056678978,'4230000000029'),(116,3056678979,'4230000000030'),(117,3056678980,'4230000000031'),(118,3056678981,'4230000000032'),(119,3056678982,'4230000000033'),(120,3056678983,'4230000000034'),(121,3056678984,'4230000000035'),(122,3056678985,'4230000000036'),(123,3056678986,'4230000000037'),(124,3056678987,'4230000000038'),(125,3056678988,'4230000000039'),(126,3056678989,'4230000000040'),(127,3056678990,'4230000000041'),(128,3056678991,'4230000000042'),(129,3056678992,'4230000000043'),(130,3056678993,'4230000000044'),(131,3056678994,'4230000000045'),(132,3056678995,'4230000000046'),(133,3056678996,'4230000000047'),(134,3056678997,'4230000000048'),(135,3056678998,'4230000000049'),(136,3056678999,'4230000000050'),(137,3056678900,'4230000000001'),(138,3056678901,'4230000000002'),(139,3056678902,'4230000000003'),(140,3056678903,'4230000000004'),(141,3056678904,'4230000000005'),(142,3056678905,'4230000000006'),(143,3056678906,'4230000000007'),(144,3056678907,'4230000000008'),(145,3056678908,'4230000000009');
/*!40000 ALTER TABLE `public_contactno` ENABLE KEYS */;
UNLOCK TABLES;

--
-- Table structure for table `public_password`
--

DROP TABLE IF EXISTS `public_password`;
/*!40101 SET @saved_cs_client     = @@character_set_client */;
/*!50503 SET character_set_client = utf8mb4 */;
CREATE TABLE `public_password` (
  `p_username` varchar(20) NOT NULL,
  `p_password` varchar(45) NOT NULL,
  `public_NIC` bigint NOT NULL,
  PRIMARY KEY (`p_username`),
  UNIQUE KEY `p_username_UNIQUE` (`p_username`),
  UNIQUE KEY `public_NIC_UNIQUE` (`public_NIC`),
  CONSTRAINT `public_NIC` FOREIGN KEY (`public_NIC`) REFERENCES `public` (`public_NIC`)
) ENGINE=InnoDB DEFAULT CHARSET=utf8mb4 COLLATE=utf8mb4_0900_ai_ci;
/*!40101 SET character_set_client = @saved_cs_client */;

--
-- Dumping data for table `public_password`
--

LOCK TABLES `public_password` WRITE;
/*!40000 ALTER TABLE `public_password` DISABLE KEYS */;
INSERT INTO `public_password` VALUES ('Adeel0033','0033P@ssw0rd',4230000000033),('Adnan0029','0029P@ssw0rd',4230000000029),('Adnan7729','kuchbhi123',4220186787729),('Ahmed0001','mmt1234',4230000000001),('Ahmed7721','7721P@ssw0rd',4220156787721),('Ahsan0045','hehehe123',4230000000045),('Aisha0002','0002P@ssw0rd',4230000000002),('Aisha7722','7722P@ssw0rd',4220156787722),('Ali0011','0011P@ssw0rd',4230000000011),('Ali7735','7735P@ssw0rd',4220156787735),('Amina0014','0014P@ssw0rd',4230000000014),('Amina7738','7738P@ssw0rd',4220156787738),('Amna0048','0048P@ssw0rd',4230000000048),('Bilal0007','0007P@ssw0rd',4230000000007),('Bilal7731','7731P@ssw0rd',4220156787731),('Daniyal0035','0035P@ssw0rd',4230000000035),('Fahad0041','0041P@ssw0rd',4230000000041),('Farah0020','0020P@ssw0rd',4230000000020),('Farah7744','7744P@ssw0rd',4220156787744),('Fariha0036','0036P@ssw0rd',4230000000036),('Fatima0004','0004P@ssw0rd',4230000000004),('Fatima7728','7728P@ssw0rd',4220156787728),('Hafsa0044','0044P@ssw0rd',4230000000044),('Hassan0005','0005P@ssw0rd',4230000000005),('Hassan7729','7729P@ssw0rd',4220156787729),('Hiba0026','0026P@ssw0rd',4230000000026),('Hiba7750','7750P@ssw0rd',4220156787750),('Hira0032','0032P@ssw0rd',4230000000032),('Ibrahim0013','0013P@ssw0rd',4230000000013),('Ibrahim7737','7737P@ssw0rd',4220156787737),('Javed0019','0019P@ssw0rd',4230000000019),('Javed7743','7743P@ssw0rd',4220156787743),('Junaid0037','0037P@ssw0rd',4230000000037),('Khalid0015','0015P@ssw0rd',4230000000015),('Khalid7739','7739P@ssw0rd',4220156787739),('Laila0030','0030P@ssw0rd',4230000000030),('Laila7729','7729P@ssw0rd',4240186787729),('Mahira0046','0046P@ssw0rd',4230000000046),('Mariam0034','0034P@ssw0rd',4230000000034),('Maryam0012','0012P@ssw0rd',4230000000012),('Maryam7736','7736P@ssw0rd',4220156787736),('Mustafa0021','0021P@ssw0rd',4230000000021),('Mustafa7745','7745P@ssw0rd',4220156787745),('Nabeel0043','0043P@ssw0rd',4230000000043),('Nadia0010','0010P@ssw0rd',4230000000010),('Nadia7734','7734P@ssw0rd',4220156787734),('Nazia0038','0038P@ssw0rd',4230000000038),('Nida0050','0050P@ssw0rd',4230000000050),('Omar0003','0003P@ssw0rd',4230000000003),('Omar7726','7726P@ssw0rd',4220156787726),('Rabia0028','0028P@ssw0rd',4230000000028),('Rabia0040','0040P@ssw0rd',4230000000040),('Rabia9901','9901P@ssw0rd',4220156789901),('Razia0016','0016P@ssw0rd',4230000000016),('Razia7740','7740P@ssw0rd',4220156787740),('Rehan0025','0025P@ssw0rd',4230000000025),('Rehan7749','7749P@ssw0rd',4220156787749),('Saba0042','0042P@ssw0rd',4230000000042),('Saima0018','0018P@ssw0rd',4230000000018),('Saima7742','7742P@ssw0rd',4220156787742),('Sajid0039','0039P@ssw0rd',4230000000039),('Salman0027','0027P@ssw0rd',4230000000027),('Salman7831','7831P@ssw0rd',4220156787831),('Sana0022','0022P@ssw0rd',4230000000022),('Sana7746','7746P@ssw0rd',4220156787746),('Sara0008','0008P@ssw0rd',4230000000008),('Sara7732','7732P@ssw0rd',4220156787732),('Shahbaz0049','0049P@ssw0rd',4230000000049),('Tariq0017','0017P@ssw0rd',4230000000017),('Tariq7741','7741P@ssw0rd',4220156787741),('Usman0031','0031P@ssw0rd',4230000000031),('Waseem0047','0047P@ssw0rd',4230000000047),('Yasir0023','0023P@ssw0rd',4230000000023),('Yasir7747','7747P@ssw0rd',4220156787747),('Yusuf0009','0009P@ssw0rd',4230000000009),('Yusuf7733','7733P@ssw0rd',4220156787733),('Zainab0006','0006P@ssw0rd',4230000000006),('Zainab7730','7730P@ssw0rd',4220156787730),('Zara0024','0024P@ssw0rd',4230000000024),('Zara7748','7748P@ssw0rd',4220156787748);
/*!40000 ALTER TABLE `public_password` ENABLE KEYS */;
UNLOCK TABLES;

--
-- Table structure for table `voting_history`
--

DROP TABLE IF EXISTS `voting_history`;
/*!40101 SET @saved_cs_client     = @@character_set_client */;
/*!50503 SET character_set_client = utf8mb4 */;
CREATE TABLE `voting_history` (
  `public_NIC` bigint NOT NULL,
  `p_name` varchar(45) NOT NULL,
  `c_name` varchar(45) NOT NULL,
  `political_party` varchar(45) NOT NULL,
  PRIMARY KEY (`public_NIC`),
  UNIQUE KEY `public_NIC_UNIQUE` (`public_NIC`)
) ENGINE=InnoDB DEFAULT CHARSET=utf8mb4 COLLATE=utf8mb4_0900_ai_ci;
/*!40101 SET character_set_client = @saved_cs_client */;

--
-- Dumping data for table `voting_history`
--

LOCK TABLES `voting_history` WRITE;
/*!40000 ALTER TABLE `voting_history` DISABLE KEYS */;
INSERT INTO `voting_history` VALUES (4220156787721,'Ali Khan','Sheikh Rasheed','PTI'),(4220156787738,'Hassan Ahmed','Sana Khan','PTI'),(4220156787739,'Sana Khan','Fiza Khan','PTI'),(4230000000002,'Aisha Ali','Sara Khan','PTI'),(4230000000028,'Rabia Shahid','Muhammad Ahmed','PTI'),(4230000000033,'Adeel Kamal','Fatima Ali','PTI'),(4230000000045,'Ahsan Khan','Ahmed Khan','PTI');
/*!40000 ALTER TABLE `voting_history` ENABLE KEYS */;
UNLOCK TABLES;

--
-- Dumping routines for database 'e_voting'
--
/*!40103 SET TIME_ZONE=@OLD_TIME_ZONE */;

/*!40101 SET SQL_MODE=@OLD_SQL_MODE */;
/*!40014 SET FOREIGN_KEY_CHECKS=@OLD_FOREIGN_KEY_CHECKS */;
/*!40014 SET UNIQUE_CHECKS=@OLD_UNIQUE_CHECKS */;
/*!40101 SET CHARACTER_SET_CLIENT=@OLD_CHARACTER_SET_CLIENT */;
/*!40101 SET CHARACTER_SET_RESULTS=@OLD_CHARACTER_SET_RESULTS */;
/*!40101 SET COLLATION_CONNECTION=@OLD_COLLATION_CONNECTION */;
/*!40111 SET SQL_NOTES=@OLD_SQL_NOTES */;

-- Dump completed on 2024-07-06  3:10:37

